{"initial_reset_timestamp": 1653406779.063046, "timestamps": [1653406779.892175], "episode_lengths": [1017], "episode_rewards": [-21.0], "episode_types": ["t"]}