{"initial_reset_timestamp": 1653405255.3100493, "timestamps": [1653405256.701325], "episode_lengths": [1014], "episode_rewards": [-21.0], "episode_types": ["t"]}