{"initial_reset_timestamp": 1653411114.1986668, "timestamps": [1653411115.0903792], "episode_lengths": [1105], "episode_rewards": [-21.0], "episode_types": ["t"]}