{"initial_reset_timestamp": 1653406056.3276086, "timestamps": [1653406057.143455], "episode_lengths": [1037], "episode_rewards": [-21.0], "episode_types": ["t"]}