{"initial_reset_timestamp": 1653408226.6383128, "timestamps": [1653408227.549038], "episode_lengths": [1154], "episode_rewards": [-20.0], "episode_types": ["t"]}