{"initial_reset_timestamp": 1653408952.9841847, "timestamps": [1653408953.9088986], "episode_lengths": [1134], "episode_rewards": [-21.0], "episode_types": ["t"]}