{"initial_reset_timestamp": 1653409673.8401954, "timestamps": [1653409674.6987543], "episode_lengths": [1064], "episode_rewards": [-21.0], "episode_types": ["t"]}