{"initial_reset_timestamp": 1653405340.0312488, "timestamps": [1653405341.2831805], "episode_lengths": [1019], "episode_rewards": [-21.0], "episode_types": ["t"]}