{"initial_reset_timestamp": 1653407499.7388618, "timestamps": [1653407500.5939696], "episode_lengths": [1014], "episode_rewards": [-21.0], "episode_types": ["t"]}