{"initial_reset_timestamp": 1653410391.9182377, "timestamps": [1653410392.7978046], "episode_lengths": [1021], "episode_rewards": [-21.0], "episode_types": ["t"]}