{"initial_reset_timestamp": 1653411050.3217974, "timestamps": [1653411052.926675], "episode_lengths": [2704], "episode_rewards": [-17.0], "episode_types": ["t"]}