{"initial_reset_timestamp": 1654585677.115186, "timestamps": [1654585679.5696034], "episode_lengths": [1207], "episode_rewards": [-21.0], "episode_types": ["t"]}