{"initial_reset_timestamp": 1653406458.4106774, "timestamps": [1653406460.0332313], "episode_lengths": [1041], "episode_rewards": [-21.0], "episode_types": ["t"]}