{"initial_reset_timestamp": 1653409805.070783, "timestamps": [1653409807.1662853], "episode_lengths": [2119], "episode_rewards": [-19.0], "episode_types": ["t"]}