{"initial_reset_timestamp": 1654623179.0572119, "timestamps": [1654623182.5666513], "episode_lengths": [3784], "episode_rewards": [14.0], "episode_types": ["t"]}