{"initial_reset_timestamp": 1654622186.5532494, "timestamps": [1654622191.908017], "episode_lengths": [3999], "episode_rewards": [4.0], "episode_types": ["t"]}