{"initial_reset_timestamp": 1654625546.6258771, "timestamps": [1654625550.395902], "episode_lengths": [4071], "episode_rewards": [5.0], "episode_types": ["t"]}