{"initial_reset_timestamp": 1654587008.7877686, "timestamps": [1654587009.9114203], "episode_lengths": [1129], "episode_rewards": [-21.0], "episode_types": ["t"]}