{"initial_reset_timestamp": 1654626713.4879506, "timestamps": [1654626717.6525872], "episode_lengths": [4492], "episode_rewards": [7.0], "episode_types": ["t"]}