{"initial_reset_timestamp": 1654586231.8697886, "timestamps": [1654586234.1823893], "episode_lengths": [1024], "episode_rewards": [-21.0], "episode_types": ["t"]}