{"initial_reset_timestamp": 1653407297.2210014, "timestamps": [1653407298.360482], "episode_lengths": [1056], "episode_rewards": [-21.0], "episode_types": ["t"]}