{"initial_reset_timestamp": 1654589303.8359149, "timestamps": [1654589306.6946359], "episode_lengths": [3122], "episode_rewards": [-11.0], "episode_types": ["t"]}