{"initial_reset_timestamp": 1653408548.5779057, "timestamps": [1653408550.823756], "episode_lengths": [2238], "episode_rewards": [-16.0], "episode_types": ["t"]}