{"initial_reset_timestamp": 1654588159.5298724, "timestamps": [1654588162.462329], "episode_lengths": [3202], "episode_rewards": [-12.0], "episode_types": ["t"]}