{"initial_reset_timestamp": 1654590436.3009713, "timestamps": [1654590438.7371743], "episode_lengths": [2604], "episode_rewards": [-14.0], "episode_types": ["t"]}