{"initial_reset_timestamp": 1654624361.130294, "timestamps": [1654624364.7007325], "episode_lengths": [3842], "episode_rewards": [10.0], "episode_types": ["t"]}