{"initial_reset_timestamp": 1654619743.9108896, "timestamps": [1654619746.8315444], "episode_lengths": [1233], "episode_rewards": [-21.0], "episode_types": ["t"]}